{"cameraMode":{"drawMode":0,"name":"Shaded","section":"Shading Mode"},"sceneLighting":false,"audioPlay":false,"sceneViewState":{"m_AlwaysRefresh":false,"showFog":false,"showSkybox":false,"showFlares":false,"showImageEffects":false,"showParticleSystems":false,"showVisualEffectGraphs":true,"m_FxEnabled":true},"in2DMode":false,"pivot":{"x":-0.041910529136657718,"y":0.7803894281387329,"z":0.10687901079654694},"rotation":{"x":0.04961923882365227,"y":-0.9870445728302002,"z":-0.06269081681966782,"w":-0.17146551609039308},"size":1.3318488597869874,"orthographic":false}